ÖLÇÜ ARALIĞI;DIŞ x İÇ x BOY;DIŞ x İÇ x BOY;FORM
Ø 30 ve  Ø 34,5   ÖZEL ÖLÇÜ BAGALAR;33,00 x 26,50 x 10,00;34,00 x 27,00 x 10,00;30°/45°
Ø 30 ve  Ø 34,5   ÖZEL ÖLÇÜ BAGALAR;34,00 x 26,00 x 09,00;;30°/45°
Ø 35 ve  Ø 39,5   ÖZEL ÖLÇÜ BAGALAR;36,00 x 26,00 x 10,00;38,50 x 31,00 x 09,00;30°/45°
Ø 35 ve  Ø 39,5   ÖZEL ÖLÇÜ BAGALAR;36,00 x 29,00 x 10,00;39,00 x 30,00 x 10,00;30°/45°
Ø 35 ve  Ø 39,5   ÖZEL ÖLÇÜ BAGALAR;37,50 x 31,50 x 07,50;39,50 x 33,50 x 07,50;30°/45°
Ø 35 ve  Ø 39,5   ÖZEL ÖLÇÜ BAGALAR;38,00 x 30,00 x 09,00;;30°/45°
Ø 40 ve  Ø 44,5   ÖZEL ÖLÇÜ BAGALAR;40,00 x 30,00 x 10,00;42,50 x 32,00 x 10,00;30°/45°
Ø 40 ve  Ø 44,5   ÖZEL ÖLÇÜ BAGALAR;40,00 x 32,00 x 10,00;42,50 x 32,50 x 10,00;30°/45°
Ø 40 ve  Ø 44,5   ÖZEL ÖLÇÜ BAGALAR;40,00 x 33,00 x 10,00;42,50 x 36,00 x 08,00;30°/45°
Ø 40 ve  Ø 44,5   ÖZEL ÖLÇÜ BAGALAR;40,00 x 33,50 x 10,00;43,00 x 33,00 x 10,00;30°/45°
Ø 40 ve  Ø 44,5   ÖZEL ÖLÇÜ BAGALAR;41,00 x 30,00 x 10,00;43,00 x 35,00 x 7,50;30°/45°
Ø 40 ve  Ø 44,5   ÖZEL ÖLÇÜ BAGALAR;41,65 x 33,50 x 08,00;44,00 x 32,00 x 09,00;30°/45°
Ø 45 ve  Ø 49,5   ÖZEL ÖLÇÜ BAGALAR;45,00 x 35,00 x 10,00;47,50 x 37,00 x 10,00;30°/45°
Ø 45 ve  Ø 49,5   ÖZEL ÖLÇÜ BAGALAR;45,00 x 35,50 x 08,50;47,50 x 39,50 x 09,50;30°/45°
Ø 45 ve  Ø 49,5   ÖZEL ÖLÇÜ BAGALAR;45,00 x 36,00 x 09,00;48,00 x 37,00 x 10,00;30°/45°
Ø 45 ve  Ø 49,5   ÖZEL ÖLÇÜ BAGALAR;45,50 x 34,00 x 10,00;48,35 x 39,50 x 08,00;30°/45°
Ø 45 ve  Ø 49,5   ÖZEL ÖLÇÜ BAGALAR;46,00 x 40,00 x 07,00;48,50 x 38,00 x 08,50;30°/45°
Ø 45 ve  Ø 49,5   ÖZEL ÖLÇÜ BAGALAR;46,50 x 39,00 x 09,00;48,50 x 38,50 x 10,00;30°/45°
Ø 45 ve  Ø 49,5   ÖZEL ÖLÇÜ BAGALAR;47,00 x 36,00 x 10,00;49,00 x 40,00 x 10,00;30°/45°
Ø 45 ve  Ø 49,5   ÖZEL ÖLÇÜ BAGALAR;47,00 x 37,00 x 11,00;;30°/45°
Ø 50 ve  Ø 54,5   ÖZEL ÖLÇÜ BAGALAR;50,00 x 39,00 x 10,00;52,00 x 42,00 x 10,00;30°/45°
Ø 50 ve  Ø 54,5   ÖZEL ÖLÇÜ BAGALAR;50,00 x 40,00 x 09,00;52,10 x 40,00 x 07,60;30°/45°
Ø 50 ve  Ø 54,5   ÖZEL ÖLÇÜ BAGALAR;50,50 x 41,00 x 08,00;52,50 x 43,50 x 09,50;30°/45°
Ø 50 ve  Ø 54,5   ÖZEL ÖLÇÜ BAGALAR;51,00 x 42,00 x 09,50;52,50 x 44,00 x 09,00;30°/45°
Ø 50 ve  Ø 54,5   ÖZEL ÖLÇÜ BAGALAR;51,50 x 42,00 x 09,00;53,00 x 40,00 x 10,00;30°/45°
Ø 50 ve  Ø 54,5   ÖZEL ÖLÇÜ BAGALAR;52,00 x 39,00 x 10,50;53,00 x 43,00 x 09,50;30°/45°
Ø 50 ve  Ø 54,5   ÖZEL ÖLÇÜ BAGALAR;52,00 x 39,50 x 09,50;;30°/45°
Ø 55 ve  Ø 59,5   ÖZEL ÖLÇÜ BAGALAR;55,00 x 39,70 x 10,00;56,00 x 47,50 x 07,80;30°/45°
Ø 55 ve  Ø 59,5   ÖZEL ÖLÇÜ BAGALAR;55,00 x 40,00 x 09,50;57,00 x 44,00 x 10,50;30°/45°
Ø 55 ve  Ø 59,5   ÖZEL ÖLÇÜ BAGALAR;55,00 x 46,00 x 09,00;57,00 x 46,00 x 09,50;30°/45°
Ø 55 ve  Ø 59,5   ÖZEL ÖLÇÜ BAGALAR;55,00 x 47,00 x 08,50;58,50 x 40,00 x 08,50;30°/45°
Ø 55 ve  Ø 59,5   ÖZEL ÖLÇÜ BAGALAR;56,00 x 39,50 x 10,00;;30°/45°
Ø 60 ve  Ø 64,5   ÖZEL ÖLÇÜ BAGALAR;60,00 x 51,50 x 08,50;62,00 x 42,50 x 11,00;30°/45°
Ø 60 ve  Ø 64,5   ÖZEL ÖLÇÜ BAGALAR;61,00 x 43,00 x 10,00;62,00 x 45,00 x 10,00;30°/45°
Ø 60 ve  Ø 64,5   ÖZEL ÖLÇÜ BAGALAR;61,50 x 50,00 x 09,00;63,00 x 49,00 x 10,50;30°/45°